date_published,title,author,article_url,url_image,article_description
04/03/22 21:52,in magna bibendum imperdiet nullam orci pede venenatis non sodales sed tincidunt eu felis fusce,Lewie Chapleo,https://comcast.net/sed/sagittis.jpg,http://dummyimage.com/157x100.png/dddddd/000000,felis donec semper sapien a libero nam dui proin leo odio porttitor id consequat in
04/08/22 22:29,cum sociis natoque penatibus et magnis dis parturient montes nascetur ridiculus mus,Marcela Gratten,https://msu.edu/faucibus/accumsan/odio/curabitur/convallis/duis/consequat.xml,http://dummyimage.com/237x100.png/ff4444/ffffff,fusce posuere felis sed lacus morbi sem mauris laoreet ut rhoncus aliquet pulvinar sed nisl nunc rhoncus
04/04/22 15:36,quis libero nullam sit amet turpis elementum ligula vehicula consequat morbi a,Amber Plewes,https://ehow.com/orci/luctus/et/ultrices/posuere.html,http://dummyimage.com/240x100.png/dddddd/000000,nisl nunc rhoncus dui vel sem sed sagittis nam congue risus semper porta volutpat quam pede lobortis
04/05/22 04:26,turpis donec posuere metus vitae ipsum aliquam non mauris morbi non lectus aliquam sit amet diam in magna bibendum,Sabrina Kolin,http://google.com/duis.aspx,http://dummyimage.com/232x100.png/cc0000/ffffff,pede ullamcorper augue a suscipit nulla elit ac nulla sed vel enim sit amet nunc viverra
04/03/22 08:12,arcu sed augue aliquam erat volutpat in congue etiam justo etiam pretium iaculis,Giordano Grimsey,https://mapy.cz/vitae/nisi.json,http://dummyimage.com/146x100.png/ff4444/ffffff,et ultrices posuere cubilia curae duis faucibus accumsan odio curabitur convallis duis consequat dui nec nisi volutpat eleifend donec
04/07/22 10:24,enim in tempor turpis nec euismod scelerisque quam turpis adipiscing lorem vitae mattis nibh ligula nec sem duis aliquam convallis,Janos Rait,http://opensource.org/libero/convallis/eget/eleifend/luctus/ultricies.jsp,http://dummyimage.com/222x100.png/ff4444/ffffff,primis in faucibus orci luctus et ultrices posuere cubilia curae donec pharetra magna vestibulum
04/08/22 06:22,leo odio condimentum id luctus nec molestie sed justo pellentesque,Marve Grinter,http://biglobe.ne.jp/eu/massa/donec/dapibus/duis/at/velit.html,http://dummyimage.com/189x100.png/5fa2dd/ffffff,elit proin interdum mauris non ligula pellentesque ultrices phasellus id
04/04/22 22:38,massa donec dapibus duis at velit eu est congue elementum in hac habitasse platea dictumst morbi vestibulum velit id pretium,Dominique Gerriessen,http://smugmug.com/aliquam/non/mauris/morbi/non/lectus/aliquam.png,http://dummyimage.com/103x100.png/5fa2dd/ffffff,natoque penatibus et magnis dis parturient montes nascetur ridiculus mus vivamus vestibulum sagittis sapien cum sociis
04/05/22 23:17,sollicitudin mi sit amet lobortis sapien sapien non mi integer ac neque duis bibendum,Cory Deners,https://ask.com/vel/ipsum/praesent.xml,http://dummyimage.com/154x100.png/5fa2dd/ffffff,sed magna at nunc commodo placerat praesent blandit nam nulla
04/04/22 16:49,natoque penatibus et magnis dis parturient montes nascetur ridiculus mus,Lyndy Pickard,https://etsy.com/imperdiet/nullam/orci/pede.html,http://dummyimage.com/219x100.png/cc0000/ffffff,nulla suscipit ligula in lacus curabitur at ipsum ac tellus
04/06/22 18:23,lorem ipsum dolor sit amet consectetuer adipiscing elit proin interdum mauris non ligula pellentesque ultrices phasellus id,Terry Bernadzki,https://umn.edu/suspendisse/ornare/consequat/lectus/in/est/risus.png,http://dummyimage.com/101x100.png/5fa2dd/ffffff,molestie sed justo pellentesque viverra pede ac diam cras pellentesque volutpat dui maecenas tristique est et tempus semper est quam
04/02/22 22:52,ridiculus mus vivamus vestibulum sagittis sapien cum sociis natoque penatibus et magnis dis parturient montes nascetur ridiculus mus etiam,Dwain Rumgay,https://delicious.com/id/ornare/imperdiet.xml,http://dummyimage.com/249x100.png/dddddd/000000,orci eget orci vehicula condimentum curabitur in libero ut massa volutpat convallis morbi
04/06/22 21:45,nisl nunc rhoncus dui vel sem sed sagittis nam congue risus semper porta volutpat quam pede lobortis ligula sit,Drucy Readmire,https://timesonline.co.uk/nam.jpg,http://dummyimage.com/104x100.png/cc0000/ffffff,tortor sollicitudin mi sit amet lobortis sapien sapien non mi integer ac neque duis bibendum morbi non quam
04/05/22 00:37,enim lorem ipsum dolor sit amet consectetuer adipiscing elit proin interdum mauris non ligula,Hali Jaggar,https://yelp.com/donec/vitae/nisi/nam/ultrices.js,http://dummyimage.com/111x100.png/dddddd/000000,in porttitor pede justo eu massa donec dapibus duis at velit eu est congue elementum in hac
04/03/22 16:56,pede posuere nonummy integer non velit donec diam neque vestibulum,Romeo Stubs,http://webmd.com/in/hac/habitasse.json,http://dummyimage.com/234x100.png/5fa2dd/ffffff,maecenas pulvinar lobortis est phasellus sit amet erat nulla tempus
04/08/22 12:45,lacinia aenean sit amet justo morbi ut odio cras mi pede malesuada in imperdiet et,Florinda Mc Cahey,https://usgs.gov/sit/amet.js,http://dummyimage.com/207x100.png/dddddd/000000,sit amet nunc viverra dapibus nulla suscipit ligula in lacus curabitur at ipsum ac tellus semper interdum mauris
04/03/22 16:03,luctus tincidunt nulla mollis molestie lorem quisque ut erat curabitur gravida nisi at nibh in hac habitasse platea,Cristy Postlethwaite,https://eventbrite.com/montes.aspx,http://dummyimage.com/112x100.png/dddddd/000000,eu sapien cursus vestibulum proin eu mi nulla ac enim in tempor turpis nec euismod scelerisque quam turpis adipiscing
04/05/22 04:44,justo morbi ut odio cras mi pede malesuada in imperdiet,Olag Durbin,http://amazon.co.uk/aliquam/convallis/nunc/proin/at/turpis.png,http://dummyimage.com/116x100.png/dddddd/000000,curabitur convallis duis consequat dui nec nisi volutpat eleifend donec ut dolor
04/03/22 10:00,mauris lacinia sapien quis libero nullam sit amet turpis elementum ligula vehicula consequat morbi a ipsum integer a nibh,Wilek Serrels,https://wired.com/in/congue/etiam/justo/etiam/pretium.js,http://dummyimage.com/107x100.png/5fa2dd/ffffff,ac neque duis bibendum morbi non quam nec dui luctus rutrum
04/07/22 10:24,erat nulla tempus vivamus in felis eu sapien cursus vestibulum proin eu mi nulla ac enim,Tildy Shepstone,https://merriam-webster.com/hendrerit/at.jsp,http://dummyimage.com/246x100.png/ff4444/ffffff,orci luctus et ultrices posuere cubilia curae mauris viverra diam vitae quam suspendisse potenti nullam porttitor lacus at
04/06/22 04:01,ut volutpat sapien arcu sed augue aliquam erat volutpat in congue etiam justo etiam pretium iaculis justo in,Gerta Close,https://1688.com/sapien/urna/pretium/nisl/ut/volutpat/sapien.aspx,http://dummyimage.com/144x100.png/cc0000/ffffff,sapien non mi integer ac neque duis bibendum morbi non quam nec dui luctus rutrum nulla tellus in sagittis
04/05/22 06:18,odio condimentum id luctus nec molestie sed justo pellentesque viverra pede ac,Zach Rivalant,https://wsj.com/pede/justo/lacinia/eget/tincidunt/eget.xml,http://dummyimage.com/111x100.png/ff4444/ffffff,nulla justo aliquam quis turpis eget elit sodales scelerisque mauris
04/07/22 18:45,nisi at nibh in hac habitasse platea dictumst aliquam augue quam sollicitudin,Heddi Ingreda,https://com.com/rhoncus/sed.js,http://dummyimage.com/173x100.png/cc0000/ffffff,ut at dolor quis odio consequat varius integer ac leo
04/05/22 05:39,diam in magna bibendum imperdiet nullam orci pede venenatis non sodales sed tincidunt eu,Rochette Rysom,http://wsj.com/erat/eros/viverra/eget/congue/eget/semper.json,http://dummyimage.com/121x100.png/cc0000/ffffff,in tempor turpis nec euismod scelerisque quam turpis adipiscing lorem vitae mattis
04/04/22 10:44,pede justo eu massa donec dapibus duis at velit eu est,Salvidor Sahlstrom,http://npr.org/tellus/nulla/ut/erat/id.jsp,http://dummyimage.com/237x100.png/dddddd/000000,lorem integer tincidunt ante vel ipsum praesent blandit lacinia erat vestibulum sed magna at nunc commodo
04/05/22 15:35,orci luctus et ultrices posuere cubilia curae duis faucibus accumsan odio curabitur convallis duis consequat dui,Devora Terrans,https://sbwire.com/sem/mauris/laoreet/ut.xml,http://dummyimage.com/167x100.png/cc0000/ffffff,sapien cursus vestibulum proin eu mi nulla ac enim in tempor turpis nec
04/07/22 04:43,hac habitasse platea dictumst etiam faucibus cursus urna ut tellus nulla ut erat id mauris vulputate elementum nullam,Ilysa Gianilli,http://i2i.jp/vestibulum/ante.png,http://dummyimage.com/244x100.png/cc0000/ffffff,justo morbi ut odio cras mi pede malesuada in imperdiet et
04/08/22 15:58,integer ac leo pellentesque ultrices mattis odio donec vitae nisi nam ultrices libero non mattis pulvinar nulla,Johanna Dechelle,http://cnbc.com/pede/malesuada/in.aspx,http://dummyimage.com/145x100.png/dddddd/000000,curabitur at ipsum ac tellus semper interdum mauris ullamcorper purus sit amet nulla quisque
04/02/22 23:43,est congue elementum in hac habitasse platea dictumst morbi vestibulum velit id pretium iaculis diam erat fermentum,Felic Wiersma,https://csmonitor.com/id/sapien/in/sapien/iaculis.aspx,http://dummyimage.com/110x100.png/5fa2dd/ffffff,cras mi pede malesuada in imperdiet et commodo vulputate justo in blandit ultrices enim lorem ipsum
04/06/22 19:38,ultrices posuere cubilia curae nulla dapibus dolor vel est donec odio justo sollicitudin ut suscipit,Rouvin Cudworth,http://baidu.com/massa/id/nisl.xml,http://dummyimage.com/189x100.png/cc0000/ffffff,sed tincidunt eu felis fusce posuere felis sed lacus morbi sem mauris laoreet ut rhoncus aliquet pulvinar sed nisl nunc
04/02/22 20:18,quis justo maecenas rhoncus aliquam lacus morbi quis tortor id nulla ultrices aliquet maecenas leo odio,Leonerd Barratt,https://sakura.ne.jp/purus/eu.jsp,http://dummyimage.com/205x100.png/dddddd/000000,porta volutpat erat quisque erat eros viverra eget congue eget semper rutrum nulla nunc purus phasellus in felis donec
04/08/22 21:46,ante ipsum primis in faucibus orci luctus et ultrices posuere cubilia curae mauris viverra diam vitae,Juliet Simper,https://amazonaws.com/nulla.jsp,http://dummyimage.com/176x100.png/5fa2dd/ffffff,elit sodales scelerisque mauris sit amet eros suspendisse accumsan tortor quis turpis
04/07/22 19:35,convallis morbi odio odio elementum eu interdum eu tincidunt in leo maecenas pulvinar lobortis est,Linc Rodriguez,https://si.edu/dui/vel/sem/sed/sagittis/nam.png,http://dummyimage.com/245x100.png/cc0000/ffffff,sit amet turpis elementum ligula vehicula consequat morbi a ipsum integer a
04/05/22 13:00,platea dictumst etiam faucibus cursus urna ut tellus nulla ut,Norbert Deignan,http://fastcompany.com/suspendisse/potenti/nullam/porttitor.xml,http://dummyimage.com/105x100.png/dddddd/000000,vestibulum ante ipsum primis in faucibus orci luctus et ultrices posuere cubilia curae duis
04/02/22 15:40,tincidunt eget tempus vel pede morbi porttitor lorem id ligula suspendisse ornare consequat lectus,Aubree Bills,https://bizjournals.com/ac/lobortis.html,http://dummyimage.com/215x100.png/dddddd/000000,at nulla suspendisse potenti cras in purus eu magna vulputate luctus cum sociis natoque penatibus
04/04/22 00:52,donec quis orci eget orci vehicula condimentum curabitur in libero ut massa volutpat convallis morbi odio,Nerissa Powlesland,https://who.int/lorem/id/ligula/suspendisse.png,http://dummyimage.com/184x100.png/dddddd/000000,et magnis dis parturient montes nascetur ridiculus mus vivamus vestibulum sagittis sapien cum sociis natoque penatibus et magnis
04/02/22 18:33,parturient montes nascetur ridiculus mus vivamus vestibulum sagittis sapien cum sociis natoque penatibus et magnis dis parturient montes nascetur,Allyn Plait,http://amazon.de/in/hac/habitasse.aspx,http://dummyimage.com/133x100.png/cc0000/ffffff,amet erat nulla tempus vivamus in felis eu sapien cursus vestibulum proin
04/06/22 04:02,nulla suspendisse potenti cras in purus eu magna vulputate luctus cum sociis natoque,Orly Menicomb,http://123-reg.co.uk/quis.html,http://dummyimage.com/202x100.png/cc0000/ffffff,pulvinar nulla pede ullamcorper augue a suscipit nulla elit ac nulla sed vel
04/04/22 02:16,nunc nisl duis bibendum felis sed interdum venenatis turpis enim blandit mi in porttitor pede justo eu massa donec,Feliza Bonnet,http://webeden.co.uk/vestibulum/quam/sapien.html,http://dummyimage.com/216x100.png/cc0000/ffffff,eleifend quam a odio in hac habitasse platea dictumst maecenas ut massa quis augue luctus tincidunt nulla mollis molestie lorem
04/07/22 14:49,nisl venenatis lacinia aenean sit amet justo morbi ut odio cras mi pede malesuada in imperdiet,Joly Geck,https://bandcamp.com/pede/morbi/porttitor.aspx,http://dummyimage.com/159x100.png/ff4444/ffffff,pretium iaculis diam erat fermentum justo nec condimentum neque sapien placerat ante nulla justo aliquam
04/05/22 01:37,nunc rhoncus dui vel sem sed sagittis nam congue risus semper,Sharyl Jiroutka,https://webnode.com/in/hac.js,http://dummyimage.com/125x100.png/ff4444/ffffff,est congue elementum in hac habitasse platea dictumst morbi vestibulum velit id pretium iaculis diam erat fermentum justo
04/03/22 19:01,justo sit amet sapien dignissim vestibulum vestibulum ante ipsum primis in faucibus orci luctus et,Lowell Birdwhistell,https://imageshack.us/aenean/sit/amet/justo.json,http://dummyimage.com/224x100.png/dddddd/000000,nibh in quis justo maecenas rhoncus aliquam lacus morbi quis tortor id nulla ultrices aliquet maecenas leo odio condimentum id
04/02/22 19:48,turpis sed ante vivamus tortor duis mattis egestas metus aenean fermentum donec ut mauris,Ariel Yoxen,https://twitter.com/est/lacinia/nisi.jsp,http://dummyimage.com/139x100.png/dddddd/000000,penatibus et magnis dis parturient montes nascetur ridiculus mus vivamus vestibulum sagittis sapien cum sociis natoque penatibus et
04/07/22 04:37,lacus purus aliquet at feugiat non pretium quis lectus suspendisse potenti in eleifend,Jon Bayles,https://yahoo.co.jp/velit/id/pretium.json,http://dummyimage.com/209x100.png/cc0000/ffffff,dapibus augue vel accumsan tellus nisi eu orci mauris lacinia sapien quis libero nullam sit amet turpis
04/07/22 06:20,rhoncus sed vestibulum sit amet cursus id turpis integer aliquet massa id lobortis,Gert Danzelman,https://lulu.com/venenatis/lacinia/aenean/sit/amet.jsp,http://dummyimage.com/115x100.png/cc0000/ffffff,nisl nunc nisl duis bibendum felis sed interdum venenatis turpis enim blandit mi in porttitor pede justo eu
04/08/22 09:52,sit amet eros suspendisse accumsan tortor quis turpis sed ante vivamus tortor duis mattis egestas metus aenean,Antone Clotworthy,https://symantec.com/rutrum/nulla/nunc/purus/phasellus.jpg,http://dummyimage.com/122x100.png/5fa2dd/ffffff,eget nunc donec quis orci eget orci vehicula condimentum curabitur in libero ut massa volutpat convallis morbi odio odio elementum
04/04/22 02:04,ut erat curabitur gravida nisi at nibh in hac habitasse,Marylynne Rosina,https://i2i.jp/dui/vel/nisl/duis.js,http://dummyimage.com/103x100.png/cc0000/ffffff,consequat in consequat ut nulla sed accumsan felis ut at dolor quis odio consequat varius integer ac leo
04/08/22 04:06,orci luctus et ultrices posuere cubilia curae mauris viverra diam vitae quam suspendisse potenti nullam porttitor lacus at turpis donec,Lilllie Simion,https://twitpic.com/purus/sit/amet/nulla/quisque/arcu.png,http://dummyimage.com/188x100.png/5fa2dd/ffffff,habitasse platea dictumst morbi vestibulum velit id pretium iaculis diam erat fermentum justo nec condimentum neque sapien
04/06/22 10:24,at lorem integer tincidunt ante vel ipsum praesent blandit lacinia erat,Gleda Kliement,https://boston.com/ante.xml,http://dummyimage.com/105x100.png/cc0000/ffffff,feugiat non pretium quis lectus suspendisse potenti in eleifend quam a odio in hac habitasse
04/02/22 16:53,sit amet nunc viverra dapibus nulla suscipit ligula in lacus curabitur at ipsum ac tellus semper interdum,Shepherd Peddersen,http://reference.com/primis.jpg,http://dummyimage.com/203x100.png/ff4444/ffffff,vestibulum velit id pretium iaculis diam erat fermentum justo nec condimentum neque sapien placerat ante
04/03/22 16:38,amet lobortis sapien sapien non mi integer ac neque duis bibendum,Dannie Rigler,http://ustream.tv/vulputate/justo/in/blandit/ultrices/enim.xml,http://dummyimage.com/160x100.png/dddddd/000000,rhoncus sed vestibulum sit amet cursus id turpis integer aliquet massa id lobortis convallis tortor risus dapibus augue vel
04/08/22 14:40,aliquet pulvinar sed nisl nunc rhoncus dui vel sem sed,Carleen Rallin,https://biblegateway.com/auctor/gravida/sem/praesent/id.jsp,http://dummyimage.com/224x100.png/5fa2dd/ffffff,tincidunt nulla mollis molestie lorem quisque ut erat curabitur gravida nisi at nibh
04/05/22 22:46,consequat ut nulla sed accumsan felis ut at dolor quis odio consequat varius integer ac leo,Towney Lintot,https://businessinsider.com/turpis/elementum/ligula/vehicula/consequat.jpg,http://dummyimage.com/214x100.png/ff4444/ffffff,erat quisque erat eros viverra eget congue eget semper rutrum nulla nunc purus phasellus in felis donec
04/07/22 08:32,rhoncus dui vel sem sed sagittis nam congue risus semper porta volutpat,Corey Osbourne,https://senate.gov/lacinia/sapien/quis/libero/nullam.png,http://dummyimage.com/154x100.png/ff4444/ffffff,luctus nec molestie sed justo pellentesque viverra pede ac diam cras pellentesque volutpat dui maecenas tristique est et tempus semper
04/08/22 11:09,aenean fermentum donec ut mauris eget massa tempor convallis nulla neque,Ashby Adriano,http://networkadvertising.org/consequat/dui/nec/nisi/volutpat.aspx,http://dummyimage.com/124x100.png/5fa2dd/ffffff,sapien cursus vestibulum proin eu mi nulla ac enim in tempor
04/04/22 05:11,vestibulum eget vulputate ut ultrices vel augue vestibulum ante ipsum,Lucita Scandrick,http://rambler.ru/vulputate/luctus/cum/sociis/natoque/penatibus/et.xml,http://dummyimage.com/170x100.png/ff4444/ffffff,nisi venenatis tristique fusce congue diam id ornare imperdiet sapien urna pretium nisl ut volutpat
04/04/22 06:25,in hac habitasse platea dictumst maecenas ut massa quis augue luctus tincidunt,Britta Benthall,https://dagondesign.com/odio/justo.png,http://dummyimage.com/186x100.png/dddddd/000000,vel accumsan tellus nisi eu orci mauris lacinia sapien quis libero nullam sit amet turpis elementum
04/08/22 04:28,at lorem integer tincidunt ante vel ipsum praesent blandit lacinia erat vestibulum,Blakeley Shannahan,https://amazon.de/pretium/iaculis/justo/in/hac/habitasse.aspx,http://dummyimage.com/169x100.png/dddddd/000000,nisl nunc rhoncus dui vel sem sed sagittis nam congue risus semper porta volutpat
04/04/22 20:44,praesent blandit lacinia erat vestibulum sed magna at nunc commodo placerat praesent blandit nam nulla integer pede justo,Shirley Enrdigo,https://sciencedaily.com/suspendisse/potenti/cras/in/purus/eu/magna.xml,http://dummyimage.com/167x100.png/5fa2dd/ffffff,curae mauris viverra diam vitae quam suspendisse potenti nullam porttitor lacus at turpis donec posuere metus vitae ipsum aliquam non
04/07/22 04:20,eu mi nulla ac enim in tempor turpis nec euismod scelerisque quam turpis adipiscing lorem vitae mattis nibh,Darryl Buggy,http://gmpg.org/elit/sodales.json,http://dummyimage.com/233x100.png/dddddd/000000,phasellus sit amet erat nulla tempus vivamus in felis eu sapien cursus vestibulum
04/03/22 09:40,imperdiet nullam orci pede venenatis non sodales sed tincidunt eu felis fusce,Ingunna Jeffries,https://homestead.com/tempus/sit/amet/sem.js,http://dummyimage.com/236x100.png/cc0000/ffffff,imperdiet et commodo vulputate justo in blandit ultrices enim lorem ipsum dolor sit amet
04/05/22 06:36,ut tellus nulla ut erat id mauris vulputate elementum nullam varius nulla,Mahmud Critoph,https://cisco.com/id/pretium/iaculis/diam/erat/fermentum.png,http://dummyimage.com/175x100.png/5fa2dd/ffffff,curabitur in libero ut massa volutpat convallis morbi odio odio elementum eu interdum
04/02/22 07:44,sem sed sagittis nam congue risus semper porta volutpat quam pede lobortis ligula sit amet eleifend,Melli Chadwick,http://harvard.edu/ligula/vehicula/consequat/morbi/a.jsp,http://dummyimage.com/127x100.png/5fa2dd/ffffff,diam cras pellentesque volutpat dui maecenas tristique est et tempus semper est quam pharetra magna ac consequat metus
04/07/22 22:02,a feugiat et eros vestibulum ac est lacinia nisi venenatis tristique,Giffer Kennedy,https://vinaora.com/ac/nibh/fusce/lacus/purus/aliquet.jpg,http://dummyimage.com/138x100.png/cc0000/ffffff,condimentum neque sapien placerat ante nulla justo aliquam quis turpis
04/07/22 03:44,dolor quis odio consequat varius integer ac leo pellentesque ultrices mattis odio donec vitae nisi,Hubert Olyunin,https://admin.ch/platea.png,http://dummyimage.com/202x100.png/dddddd/000000,aliquet pulvinar sed nisl nunc rhoncus dui vel sem sed sagittis nam congue risus semper porta volutpat quam
04/06/22 05:55,sed augue aliquam erat volutpat in congue etiam justo etiam pretium iaculis,Kylie Lammers,http://nhs.uk/duis/aliquam.js,http://dummyimage.com/168x100.png/dddddd/000000,risus auctor sed tristique in tempus sit amet sem fusce consequat
04/05/22 09:21,nulla tempus vivamus in felis eu sapien cursus vestibulum proin eu mi nulla,Beauregard Blackie,https://scribd.com/tempus/sit/amet/sem/fusce.png,http://dummyimage.com/114x100.png/dddddd/000000,ut erat id mauris vulputate elementum nullam varius nulla facilisi cras non velit nec nisi vulputate nonummy maecenas
04/02/22 23:46,sed vel enim sit amet nunc viverra dapibus nulla suscipit ligula in lacus curabitur at ipsum ac tellus semper,Emmet Simkins,https://webs.com/auctor/sed/tristique.json,http://dummyimage.com/128x100.png/cc0000/ffffff,ultrices mattis odio donec vitae nisi nam ultrices libero non mattis pulvinar nulla pede ullamcorper augue a suscipit nulla elit
04/02/22 02:58,non quam nec dui luctus rutrum nulla tellus in sagittis dui vel nisl,Belle Velde,http://t-online.de/in/felis/eu/sapien/cursus/vestibulum.jsp,http://dummyimage.com/131x100.png/cc0000/ffffff,diam erat fermentum justo nec condimentum neque sapien placerat ante nulla justo
04/02/22 20:24,accumsan odio curabitur convallis duis consequat dui nec nisi volutpat eleifend donec ut dolor morbi vel,Evie Nathon,https://house.gov/ut/odio/cras/mi/pede.jpg,http://dummyimage.com/244x100.png/5fa2dd/ffffff,fermentum justo nec condimentum neque sapien placerat ante nulla justo aliquam quis
04/08/22 22:15,volutpat eleifend donec ut dolor morbi vel lectus in quam fringilla rhoncus mauris enim leo rhoncus,Keane Syder,https://phoca.cz/eget.aspx,http://dummyimage.com/202x100.png/ff4444/ffffff,sapien urna pretium nisl ut volutpat sapien arcu sed augue
04/02/22 06:33,posuere felis sed lacus morbi sem mauris laoreet ut rhoncus aliquet pulvinar sed nisl nunc rhoncus,Aundrea Curnok,https://livejournal.com/sit/amet/diam/in/magna/bibendum.jpg,http://dummyimage.com/222x100.png/ff4444/ffffff,posuere nonummy integer non velit donec diam neque vestibulum eget vulputate ut ultrices vel augue vestibulum ante
04/05/22 22:54,ridiculus mus etiam vel augue vestibulum rutrum rutrum neque aenean auctor gravida sem praesent id massa,Marley McGillivrie,http://ucla.edu/lacus/at/velit/vivamus/vel.xml,http://dummyimage.com/223x100.png/5fa2dd/ffffff,dolor quis odio consequat varius integer ac leo pellentesque ultrices
04/06/22 07:25,nulla nunc purus phasellus in felis donec semper sapien a libero nam dui proin leo odio porttitor id consequat,Alexandre Corkett,http://ucsd.edu/congue.json,http://dummyimage.com/111x100.png/5fa2dd/ffffff,curae mauris viverra diam vitae quam suspendisse potenti nullam porttitor lacus at turpis donec posuere metus vitae ipsum
04/05/22 10:07,imperdiet sapien urna pretium nisl ut volutpat sapien arcu sed augue aliquam erat volutpat in congue etiam justo etiam pretium,Mora Bamlett,https://google.cn/in/hac/habitasse/platea/dictumst.xml,http://dummyimage.com/119x100.png/5fa2dd/ffffff,sed vestibulum sit amet cursus id turpis integer aliquet massa id lobortis convallis
04/05/22 22:38,congue diam id ornare imperdiet sapien urna pretium nisl ut volutpat,Patin Kitson,http://europa.eu/nulla/elit/ac.js,http://dummyimage.com/131x100.png/dddddd/000000,parturient montes nascetur ridiculus mus etiam vel augue vestibulum rutrum rutrum
04/08/22 02:12,tincidunt lacus at velit vivamus vel nulla eget eros elementum pellentesque quisque porta volutpat erat,Torry Dorcey,https://e-recht24.de/turpis/integer/aliquet/massa/id.jpg,http://dummyimage.com/198x100.png/5fa2dd/ffffff,est donec odio justo sollicitudin ut suscipit a feugiat et eros vestibulum ac
04/08/22 13:20,primis in faucibus orci luctus et ultrices posuere cubilia curae donec pharetra magna vestibulum aliquet,Shelton Hendron,http://wikispaces.com/curae/mauris/viverra.jpg,http://dummyimage.com/197x100.png/ff4444/ffffff,ac diam cras pellentesque volutpat dui maecenas tristique est et tempus semper est quam pharetra
04/07/22 07:26,ultrices libero non mattis pulvinar nulla pede ullamcorper augue a suscipit nulla,Trescha Feake,https://livejournal.com/et/tempus/semper/est/quam/pharetra/magna.aspx,http://dummyimage.com/213x100.png/cc0000/ffffff,et ultrices posuere cubilia curae donec pharetra magna vestibulum aliquet ultrices erat tortor sollicitudin mi
04/02/22 03:45,elementum ligula vehicula consequat morbi a ipsum integer a nibh in quis justo maecenas,Orly Montgomery,http://ebay.com/justo/in/hac/habitasse/platea.jpg,http://dummyimage.com/207x100.png/cc0000/ffffff,venenatis lacinia aenean sit amet justo morbi ut odio cras mi pede malesuada in
04/02/22 13:24,vestibulum sed magna at nunc commodo placerat praesent blandit nam nulla integer pede justo lacinia eget tincidunt eget tempus,Elbert Milmo,http://narod.ru/justo/in/blandit/ultrices/enim.json,http://dummyimage.com/107x100.png/ff4444/ffffff,justo pellentesque viverra pede ac diam cras pellentesque volutpat dui
04/08/22 01:54,sapien dignissim vestibulum vestibulum ante ipsum primis in faucibus orci luctus et ultrices posuere cubilia curae nulla dapibus dolor vel,Micheal Ruppel,http://xing.com/odio/porttitor/id/consequat/in/consequat.png,http://dummyimage.com/172x100.png/ff4444/ffffff,in hac habitasse platea dictumst aliquam augue quam sollicitudin vitae consectetuer
04/06/22 04:12,purus sit amet nulla quisque arcu libero rutrum ac lobortis vel dapibus at diam nam tristique tortor eu,Jud Gianullo,https://opensource.org/at/dolor/quis/odio.jpg,http://dummyimage.com/179x100.png/dddddd/000000,lacus purus aliquet at feugiat non pretium quis lectus suspendisse potenti in eleifend quam a odio in hac habitasse
04/07/22 22:31,rhoncus aliquam lacus morbi quis tortor id nulla ultrices aliquet maecenas leo odio condimentum,Tandi Choppen,https://seattletimes.com/dolor.json,http://dummyimage.com/148x100.png/ff4444/ffffff,blandit nam nulla integer pede justo lacinia eget tincidunt eget
04/07/22 19:56,mauris enim leo rhoncus sed vestibulum sit amet cursus id turpis integer aliquet massa,Sheelah Piggot,https://macromedia.com/sollicitudin/ut/suscipit/a/feugiat.json,http://dummyimage.com/159x100.png/cc0000/ffffff,suspendisse potenti cras in purus eu magna vulputate luctus cum sociis natoque
04/06/22 22:58,malesuada in imperdiet et commodo vulputate justo in blandit ultrices enim lorem ipsum dolor sit amet consectetuer adipiscing elit proin,Fredric Paute,https://merriam-webster.com/vestibulum.jpg,http://dummyimage.com/133x100.png/5fa2dd/ffffff,ipsum aliquam non mauris morbi non lectus aliquam sit amet diam
04/06/22 11:37,iaculis congue vivamus metus arcu adipiscing molestie hendrerit at vulputate vitae nisl aenean lectus pellentesque eget nunc donec,Bryn McBeath,http://amazonaws.com/consectetuer/eget.html,http://dummyimage.com/129x100.png/cc0000/ffffff,lobortis convallis tortor risus dapibus augue vel accumsan tellus nisi eu orci mauris lacinia sapien quis libero nullam sit amet
04/06/22 18:38,tincidunt eget tempus vel pede morbi porttitor lorem id ligula suspendisse ornare consequat lectus in est risus,Letty Lathwell,https://theatlantic.com/natoque/penatibus/et/magnis/dis/parturient/montes.xml,http://dummyimage.com/237x100.png/cc0000/ffffff,amet sapien dignissim vestibulum vestibulum ante ipsum primis in faucibus orci luctus et ultrices posuere cubilia curae nulla dapibus dolor
04/06/22 23:56,quam suspendisse potenti nullam porttitor lacus at turpis donec posuere metus vitae ipsum aliquam non,Adolf Steinhammer,https://mayoclinic.com/odio.html,http://dummyimage.com/131x100.png/ff4444/ffffff,ut rhoncus aliquet pulvinar sed nisl nunc rhoncus dui vel sem sed sagittis nam congue risus semper porta volutpat
04/04/22 00:18,morbi sem mauris laoreet ut rhoncus aliquet pulvinar sed nisl,Terence Ollerenshaw,https://dailymotion.com/orci/pede/venenatis.js,http://dummyimage.com/117x100.png/5fa2dd/ffffff,eleifend luctus ultricies eu nibh quisque id justo sit amet sapien dignissim vestibulum vestibulum ante
04/05/22 10:43,nam nulla integer pede justo lacinia eget tincidunt eget tempus vel pede morbi porttitor lorem id ligula,Cathlene Carlo,http://dagondesign.com/odio/condimentum/id/luctus/nec/molestie/sed.xml,http://dummyimage.com/110x100.png/cc0000/ffffff,velit nec nisi vulputate nonummy maecenas tincidunt lacus at velit vivamus vel nulla eget eros elementum
04/07/22 21:25,eleifend luctus ultricies eu nibh quisque id justo sit amet sapien dignissim vestibulum vestibulum ante ipsum primis in,Juan Westney,http://technorati.com/morbi/sem/mauris/laoreet/ut.png,http://dummyimage.com/236x100.png/dddddd/000000,rutrum ac lobortis vel dapibus at diam nam tristique tortor eu
04/08/22 17:23,enim leo rhoncus sed vestibulum sit amet cursus id turpis integer aliquet massa id lobortis,Rafaello Zupa,http://dyndns.org/ac/nulla/sed/vel/enim.png,http://dummyimage.com/137x100.png/ff4444/ffffff,rutrum rutrum neque aenean auctor gravida sem praesent id massa id nisl venenatis lacinia aenean sit amet
04/03/22 17:08,sed lacus morbi sem mauris laoreet ut rhoncus aliquet pulvinar sed nisl,Leyla McNaught,https://state.gov/quam/nec/dui/luctus.html,http://dummyimage.com/131x100.png/cc0000/ffffff,nisl aenean lectus pellentesque eget nunc donec quis orci eget orci vehicula condimentum curabitur in libero ut massa
04/06/22 06:33,blandit ultrices enim lorem ipsum dolor sit amet consectetuer adipiscing elit proin interdum mauris non,Nevins Mulholland,http://europa.eu/viverra/diam/vitae/quam/suspendisse/potenti/nullam.json,http://dummyimage.com/103x100.png/dddddd/000000,nulla dapibus dolor vel est donec odio justo sollicitudin ut suscipit a feugiat et eros vestibulum ac
04/03/22 12:02,nulla sed accumsan felis ut at dolor quis odio consequat varius integer ac leo pellentesque ultrices mattis odio donec vitae,Salmon Sydall,https://theguardian.com/ultrices/libero/non/mattis/pulvinar/nulla/pede.png,http://dummyimage.com/117x100.png/ff4444/ffffff,sit amet justo morbi ut odio cras mi pede malesuada in imperdiet et commodo vulputate justo in blandit ultrices enim
04/04/22 22:09,augue aliquam erat volutpat in congue etiam justo etiam pretium,Franni Dumini,http://alibaba.com/odio/elementum/eu.png,http://dummyimage.com/189x100.png/5fa2dd/ffffff,scelerisque mauris sit amet eros suspendisse accumsan tortor quis turpis sed ante
04/07/22 14:17,platea dictumst maecenas ut massa quis augue luctus tincidunt nulla mollis molestie,Petunia Dibsdale,http://cdbaby.com/ligula/nec/sem/duis.png,http://dummyimage.com/203x100.png/5fa2dd/ffffff,in hac habitasse platea dictumst maecenas ut massa quis augue
04/06/22 07:42,ut nunc vestibulum ante ipsum primis in faucibus orci luctus et ultrices posuere cubilia curae,Dorthy Coyne,http://theatlantic.com/bibendum/felis/sed/interdum/venenatis/turpis/enim.jpg,http://dummyimage.com/106x100.png/5fa2dd/ffffff,placerat praesent blandit nam nulla integer pede justo lacinia eget
04/05/22 06:28,ut odio cras mi pede malesuada in imperdiet et commodo vulputate justo,Rodney Staning,http://sitemeter.com/mauris/laoreet.xml,http://dummyimage.com/170x100.png/5fa2dd/ffffff,accumsan tortor quis turpis sed ante vivamus tortor duis mattis egestas metus
04/06/22 02:29,consequat nulla nisl nunc nisl duis bibendum felis sed interdum venenatis turpis enim blandit mi in porttitor pede,Austine McConnulty,https://miibeian.gov.cn/sit.xml,http://dummyimage.com/243x100.png/dddddd/000000,vel accumsan tellus nisi eu orci mauris lacinia sapien quis libero nullam sit
04/03/22 19:17,aliquet pulvinar sed nisl nunc rhoncus dui vel sem sed sagittis nam,Irina Aked,http://aol.com/cursus/urna/ut/tellus/nulla.xml,http://dummyimage.com/154x100.png/ff4444/ffffff,dui luctus rutrum nulla tellus in sagittis dui vel nisl duis ac nibh fusce lacus purus aliquet at feugiat non
04/06/22 08:43,fringilla rhoncus mauris enim leo rhoncus sed vestibulum sit amet cursus id turpis integer aliquet massa id lobortis convallis tortor,Hamish Kuhne,https://discuz.net/quam/pharetra/magna/ac/consequat.jpg,http://dummyimage.com/245x100.png/cc0000/ffffff,quis odio consequat varius integer ac leo pellentesque ultrices mattis odio donec vitae nisi nam ultrices libero non mattis
04/06/22 12:30,lectus vestibulum quam sapien varius ut blandit non interdum in ante vestibulum ante ipsum primis in,Laurene O'Cahill,http://lycos.com/rhoncus/aliquet/pulvinar/sed/nisl.json,http://dummyimage.com/103x100.png/5fa2dd/ffffff,donec ut mauris eget massa tempor convallis nulla neque libero convallis eget eleifend luctus ultricies eu nibh quisque
04/05/22 15:10,in blandit ultrices enim lorem ipsum dolor sit amet consectetuer adipiscing elit proin interdum mauris non ligula pellentesque ultrices phasellus,Yank Haysar,http://reddit.com/consequat/in/consequat/ut/nulla/sed/accumsan.html,http://dummyimage.com/172x100.png/cc0000/ffffff,lacus at velit vivamus vel nulla eget eros elementum pellentesque quisque porta
04/07/22 10:59,pretium iaculis justo in hac habitasse platea dictumst etiam faucibus cursus urna ut tellus nulla ut erat id,Gareth Langton,https://ibm.com/morbi/vestibulum/velit/id/pretium/iaculis/diam.js,http://dummyimage.com/107x100.png/cc0000/ffffff,sed interdum venenatis turpis enim blandit mi in porttitor pede justo eu massa donec dapibus duis
04/04/22 11:34,in hac habitasse platea dictumst etiam faucibus cursus urna ut tellus nulla ut erat id mauris vulputate elementum,Allina Tille,https://w3.org/integer/aliquet.jsp,http://dummyimage.com/131x100.png/5fa2dd/ffffff,orci luctus et ultrices posuere cubilia curae mauris viverra diam vitae quam suspendisse potenti nullam
04/02/22 21:35,tellus nisi eu orci mauris lacinia sapien quis libero nullam sit amet,Janaya Formoy,https://samsung.com/vel/ipsum/praesent/blandit/lacinia/erat/vestibulum.jpg,http://dummyimage.com/205x100.png/dddddd/000000,dui proin leo odio porttitor id consequat in consequat ut nulla sed accumsan felis ut at
04/08/22 22:06,ultrices aliquet maecenas leo odio condimentum id luctus nec molestie sed justo pellentesque viverra pede,Giuseppe Keirle,https://alibaba.com/eget/nunc.aspx,http://dummyimage.com/177x100.png/ff4444/ffffff,metus sapien ut nunc vestibulum ante ipsum primis in faucibus orci luctus et ultrices posuere cubilia curae mauris viverra diam
04/06/22 04:49,nibh ligula nec sem duis aliquam convallis nunc proin at turpis a pede posuere nonummy integer non,Zuzana Bach,http://prweb.com/vulputate/nonummy/maecenas/tincidunt/lacus/at.xml,http://dummyimage.com/219x100.png/dddddd/000000,in eleifend quam a odio in hac habitasse platea dictumst maecenas ut massa quis
04/04/22 10:40,aliquet pulvinar sed nisl nunc rhoncus dui vel sem sed sagittis nam,Zak Molineux,https://360.cn/lectus/pellentesque/eget/nunc/donec.json,http://dummyimage.com/214x100.png/5fa2dd/ffffff,condimentum id luctus nec molestie sed justo pellentesque viverra pede ac diam cras
04/05/22 21:47,ipsum primis in faucibus orci luctus et ultrices posuere cubilia,Shela Carriage,https://hao123.com/praesent/blandit/nam/nulla/integer/pede/justo.js,http://dummyimage.com/247x100.png/cc0000/ffffff,lacinia erat vestibulum sed magna at nunc commodo placerat praesent blandit nam nulla integer pede justo lacinia eget tincidunt eget
04/05/22 19:08,justo sit amet sapien dignissim vestibulum vestibulum ante ipsum primis in faucibus,Arly Pressdee,http://google.com.hk/ultrices/enim/lorem/ipsum/dolor.js,http://dummyimage.com/107x100.png/ff4444/ffffff,lorem quisque ut erat curabitur gravida nisi at nibh in hac habitasse
04/08/22 13:43,quis orci eget orci vehicula condimentum curabitur in libero ut massa volutpat convallis morbi odio odio elementum eu interdum eu,Giustina Aysh,https://prnewswire.com/mollis/molestie/lorem/quisque/ut.jpg,http://dummyimage.com/208x100.png/5fa2dd/ffffff,id justo sit amet sapien dignissim vestibulum vestibulum ante ipsum primis in faucibus orci luctus et
04/05/22 19:49,elementum nullam varius nulla facilisi cras non velit nec nisi vulputate,Tedra Manneville,http://loc.gov/nascetur/ridiculus/mus/vivamus/vestibulum.aspx,http://dummyimage.com/206x100.png/ff4444/ffffff,rhoncus mauris enim leo rhoncus sed vestibulum sit amet cursus id
04/02/22 07:58,enim sit amet nunc viverra dapibus nulla suscipit ligula in lacus curabitur at ipsum ac tellus semper interdum mauris ullamcorper,Tatum Norrington,https://dropbox.com/lectus/pellentesque/eget/nunc/donec/quis/orci.xml,http://dummyimage.com/201x100.png/dddddd/000000,vestibulum ante ipsum primis in faucibus orci luctus et ultrices posuere cubilia curae duis faucibus accumsan odio
04/08/22 17:09,id nisl venenatis lacinia aenean sit amet justo morbi ut odio cras mi pede malesuada in,Danette Scogings,https://amazon.de/non/pretium/quis/lectus.jsp,http://dummyimage.com/226x100.png/5fa2dd/ffffff,feugiat non pretium quis lectus suspendisse potenti in eleifend quam a odio in hac habitasse platea dictumst maecenas
04/08/22 19:09,proin leo odio porttitor id consequat in consequat ut nulla sed accumsan felis ut at dolor quis,Kirstyn Durdan,https://wsj.com/ullamcorper/purus.png,http://dummyimage.com/199x100.png/5fa2dd/ffffff,sapien cum sociis natoque penatibus et magnis dis parturient montes nascetur ridiculus mus etiam vel augue vestibulum rutrum rutrum
04/06/22 01:52,sapien arcu sed augue aliquam erat volutpat in congue etiam justo etiam pretium iaculis,Joyann Ensley,http://hud.gov/sit/amet/eros/suspendisse.aspx,http://dummyimage.com/138x100.png/5fa2dd/ffffff,pellentesque ultrices phasellus id sapien in sapien iaculis congue vivamus metus arcu
04/08/22 19:44,velit id pretium iaculis diam erat fermentum justo nec condimentum neque sapien placerat ante nulla justo aliquam quis turpis eget,Noam Cubberley,https://sogou.com/viverra.xml,http://dummyimage.com/151x100.png/cc0000/ffffff,adipiscing elit proin risus praesent lectus vestibulum quam sapien varius
04/05/22 07:55,aenean auctor gravida sem praesent id massa id nisl venenatis lacinia aenean sit amet justo morbi,Kearney Dewhurst,http://yahoo.com/donec/pharetra.png,http://dummyimage.com/185x100.png/ff4444/ffffff,turpis nec euismod scelerisque quam turpis adipiscing lorem vitae mattis nibh ligula nec
04/06/22 15:02,mi sit amet lobortis sapien sapien non mi integer ac neque duis bibendum morbi non quam nec dui luctus,Zechariah Jardein,https://linkedin.com/rhoncus/sed.aspx,http://dummyimage.com/114x100.png/cc0000/ffffff,varius ut blandit non interdum in ante vestibulum ante ipsum primis
04/07/22 23:12,blandit non interdum in ante vestibulum ante ipsum primis in faucibus orci luctus et ultrices posuere cubilia,Barrett Pond,https://sitemeter.com/vitae.jpg,http://dummyimage.com/108x100.png/cc0000/ffffff,sagittis sapien cum sociis natoque penatibus et magnis dis parturient montes nascetur ridiculus mus etiam vel augue
04/05/22 23:02,lobortis est phasellus sit amet erat nulla tempus vivamus in felis eu sapien cursus,Briana Collomosse,https://mozilla.com/tristique.xml,http://dummyimage.com/199x100.png/dddddd/000000,curae donec pharetra magna vestibulum aliquet ultrices erat tortor sollicitudin
04/05/22 00:16,maecenas tristique est et tempus semper est quam pharetra magna ac consequat metus sapien,Karalynn Drohane,https://surveymonkey.com/neque/duis/bibendum/morbi.png,http://dummyimage.com/235x100.png/dddddd/000000,quis augue luctus tincidunt nulla mollis molestie lorem quisque ut erat curabitur gravida nisi at
04/08/22 14:06,primis in faucibus orci luctus et ultrices posuere cubilia curae donec pharetra magna,Kirby Attwooll,http://linkedin.com/eget/elit/sodales/scelerisque/mauris/sit.jsp,http://dummyimage.com/163x100.png/5fa2dd/ffffff,lobortis convallis tortor risus dapibus augue vel accumsan tellus nisi eu orci mauris lacinia sapien quis libero nullam sit
04/02/22 16:17,donec dapibus duis at velit eu est congue elementum in hac habitasse platea dictumst morbi vestibulum velit id,Carolan Jancic,https://deviantart.com/ultrices/posuere/cubilia/curae/mauris.jpg,http://dummyimage.com/205x100.png/cc0000/ffffff,erat id mauris vulputate elementum nullam varius nulla facilisi cras
04/02/22 11:21,morbi sem mauris laoreet ut rhoncus aliquet pulvinar sed nisl nunc rhoncus dui vel sem,Jennine Maha,https://yahoo.co.jp/lacinia/eget/tincidunt.xml,http://dummyimage.com/206x100.png/dddddd/000000,nunc nisl duis bibendum felis sed interdum venenatis turpis enim blandit mi in porttitor pede
04/02/22 19:57,ut tellus nulla ut erat id mauris vulputate elementum nullam varius nulla facilisi cras non velit nec nisi vulputate,Shalom Cicconettii,https://google.co.jp/egestas/metus/aenean/fermentum/donec/ut/mauris.json,http://dummyimage.com/181x100.png/ff4444/ffffff,enim blandit mi in porttitor pede justo eu massa donec dapibus duis at velit eu est congue elementum in
04/02/22 17:44,faucibus orci luctus et ultrices posuere cubilia curae donec pharetra magna vestibulum,Tomaso Stansfield,http://sbwire.com/congue/eget/semper/rutrum/nulla/nunc/purus.aspx,http://dummyimage.com/179x100.png/ff4444/ffffff,risus auctor sed tristique in tempus sit amet sem fusce consequat nulla nisl nunc nisl duis bibendum felis sed
04/03/22 00:05,eleifend donec ut dolor morbi vel lectus in quam fringilla rhoncus mauris enim leo rhoncus,Elsa Stegers,https://shinystat.com/cubilia/curae/donec.aspx,http://dummyimage.com/124x100.png/5fa2dd/ffffff,id mauris vulputate elementum nullam varius nulla facilisi cras non velit nec nisi vulputate nonummy maecenas tincidunt lacus
04/02/22 06:53,quis orci nullam molestie nibh in lectus pellentesque at nulla suspendisse potenti,Marge Enriques,https://bravesites.com/primis/in/faucibus.xml,http://dummyimage.com/144x100.png/5fa2dd/ffffff,tortor duis mattis egestas metus aenean fermentum donec ut mauris
04/03/22 18:08,auctor gravida sem praesent id massa id nisl venenatis lacinia aenean sit amet justo morbi ut odio cras mi,Les Kainz,https://flickr.com/metus/arcu.xml,http://dummyimage.com/134x100.png/ff4444/ffffff,viverra dapibus nulla suscipit ligula in lacus curabitur at ipsum ac
04/04/22 10:29,in faucibus orci luctus et ultrices posuere cubilia curae mauris viverra,Valentina Whittenbury,http://elpais.com/dui/vel.js,http://dummyimage.com/193x100.png/dddddd/000000,et tempus semper est quam pharetra magna ac consequat metus sapien ut nunc vestibulum ante
04/03/22 23:31,erat fermentum justo nec condimentum neque sapien placerat ante nulla justo aliquam quis turpis eget,Devonna Dolder,https://cnet.com/nisi/volutpat.xml,http://dummyimage.com/229x100.png/5fa2dd/ffffff,aenean sit amet justo morbi ut odio cras mi pede malesuada in
04/02/22 06:34,augue aliquam erat volutpat in congue etiam justo etiam pretium iaculis justo in hac habitasse platea dictumst etiam faucibus cursus,Quinton Keitch,http://discovery.com/ultrices/vel/augue/vestibulum.jpg,http://dummyimage.com/203x100.png/cc0000/ffffff,a ipsum integer a nibh in quis justo maecenas rhoncus
04/02/22 04:29,convallis duis consequat dui nec nisi volutpat eleifend donec ut dolor morbi vel lectus in quam fringilla rhoncus mauris,Antoine Brigg,http://purevolume.com/maecenas.jsp,http://dummyimage.com/150x100.png/5fa2dd/ffffff,aliquam lacus morbi quis tortor id nulla ultrices aliquet maecenas leo odio condimentum id
04/03/22 02:51,platea dictumst morbi vestibulum velit id pretium iaculis diam erat,Gilberta Garry,http://alibaba.com/nisl/nunc/rhoncus/dui/vel/sem.png,http://dummyimage.com/157x100.png/cc0000/ffffff,sem sed sagittis nam congue risus semper porta volutpat quam pede lobortis ligula sit
04/08/22 12:17,sit amet consectetuer adipiscing elit proin risus praesent lectus vestibulum,Cullin Holme,http://seesaa.net/mattis/nibh.png,http://dummyimage.com/113x100.png/ff4444/ffffff,mauris non ligula pellentesque ultrices phasellus id sapien in sapien
04/05/22 20:52,vulputate ut ultrices vel augue vestibulum ante ipsum primis in faucibus orci luctus,Jackson Jirak,https://archive.org/at/lorem/integer/tincidunt/ante/vel/ipsum.json,http://dummyimage.com/100x100.png/5fa2dd/ffffff,non mattis pulvinar nulla pede ullamcorper augue a suscipit nulla elit ac nulla sed vel enim sit amet nunc
04/06/22 02:34,vestibulum aliquet ultrices erat tortor sollicitudin mi sit amet lobortis,Trace Peracco,http://google.co.jp/consequat/lectus/in/est/risus/auctor.png,http://dummyimage.com/239x100.png/ff4444/ffffff,parturient montes nascetur ridiculus mus vivamus vestibulum sagittis sapien cum sociis natoque penatibus et magnis dis parturient montes nascetur ridiculus
04/07/22 16:05,eros vestibulum ac est lacinia nisi venenatis tristique fusce congue diam id ornare imperdiet,Dotty Houtby,https://squarespace.com/vivamus/vel/nulla/eget.png,http://dummyimage.com/102x100.png/dddddd/000000,et magnis dis parturient montes nascetur ridiculus mus vivamus vestibulum sagittis
04/06/22 13:31,integer ac neque duis bibendum morbi non quam nec dui luctus rutrum nulla tellus,Gracia Beniesh,https://biblegateway.com/ipsum/dolor/sit/amet.xml,http://dummyimage.com/107x100.png/cc0000/ffffff,erat eros viverra eget congue eget semper rutrum nulla nunc purus phasellus in felis donec semper sapien
04/08/22 02:56,mauris morbi non lectus aliquam sit amet diam in magna bibendum imperdiet,Elyn Stowe,http://cbc.ca/dis/parturient/montes/nascetur/ridiculus.png,http://dummyimage.com/193x100.png/ff4444/ffffff,primis in faucibus orci luctus et ultrices posuere cubilia curae donec pharetra magna vestibulum aliquet ultrices erat
04/05/22 04:39,suspendisse accumsan tortor quis turpis sed ante vivamus tortor duis mattis egestas metus aenean fermentum donec ut mauris,Nesta Kenner,http://netlog.com/nibh/ligula/nec/sem/duis.jsp,http://dummyimage.com/169x100.png/cc0000/ffffff,morbi quis tortor id nulla ultrices aliquet maecenas leo odio condimentum id luctus
04/06/22 23:43,est congue elementum in hac habitasse platea dictumst morbi vestibulum velit,Helena Blackshaw,http://mit.edu/duis/faucibus/accumsan/odio/curabitur/convallis.html,http://dummyimage.com/101x100.png/dddddd/000000,maecenas pulvinar lobortis est phasellus sit amet erat nulla tempus vivamus in felis eu sapien cursus vestibulum proin
04/05/22 15:44,proin eu mi nulla ac enim in tempor turpis nec euismod scelerisque quam turpis adipiscing,Bernadine Shalcros,http://parallels.com/quam/turpis/adipiscing/lorem/vitae/mattis/nibh.aspx,http://dummyimage.com/246x100.png/cc0000/ffffff,in hac habitasse platea dictumst aliquam augue quam sollicitudin vitae
04/07/22 03:45,viverra dapibus nulla suscipit ligula in lacus curabitur at ipsum ac tellus semper,Tisha Tressler,http://epa.gov/pede/justo/lacinia.jpg,http://dummyimage.com/158x100.png/cc0000/ffffff,viverra diam vitae quam suspendisse potenti nullam porttitor lacus at turpis donec posuere metus vitae ipsum aliquam non
04/05/22 13:50,sit amet eros suspendisse accumsan tortor quis turpis sed ante vivamus tortor duis mattis egestas,Grady MacTague,https://newsvine.com/massa.png,http://dummyimage.com/207x100.png/5fa2dd/ffffff,pede morbi porttitor lorem id ligula suspendisse ornare consequat lectus
04/07/22 20:54,vestibulum ac est lacinia nisi venenatis tristique fusce congue diam id ornare imperdiet sapien urna pretium,Westleigh Galbraith,https://stumbleupon.com/id/ornare/imperdiet/sapien/urna/pretium.jsp,http://dummyimage.com/210x100.png/dddddd/000000,sollicitudin mi sit amet lobortis sapien sapien non mi integer ac neque duis bibendum morbi non quam nec
04/04/22 23:25,vel ipsum praesent blandit lacinia erat vestibulum sed magna at nunc commodo placerat praesent blandit nam nulla,Averill Yarnall,http://ucsd.edu/sit/amet.jsp,http://dummyimage.com/228x100.png/ff4444/ffffff,orci eget orci vehicula condimentum curabitur in libero ut massa volutpat convallis morbi odio odio elementum eu interdum eu tincidunt
04/05/22 18:50,sed accumsan felis ut at dolor quis odio consequat varius integer ac leo pellentesque ultrices,Stanfield Tripet,https://ucsd.edu/non/interdum/in/ante.xml,http://dummyimage.com/237x100.png/ff4444/ffffff,etiam pretium iaculis justo in hac habitasse platea dictumst etiam
04/08/22 18:47,habitasse platea dictumst morbi vestibulum velit id pretium iaculis diam erat fermentum justo nec condimentum neque sapien placerat ante,Leeland Badman,http://constantcontact.com/pretium/iaculis/diam/erat/fermentum/justo.html,http://dummyimage.com/173x100.png/ff4444/ffffff,viverra pede ac diam cras pellentesque volutpat dui maecenas tristique
04/08/22 16:50,pede venenatis non sodales sed tincidunt eu felis fusce posuere felis sed lacus morbi sem mauris laoreet ut rhoncus,Burch Ladell,http://csmonitor.com/fusce.json,http://dummyimage.com/172x100.png/dddddd/000000,orci luctus et ultrices posuere cubilia curae duis faucibus accumsan odio curabitur convallis duis consequat dui nec nisi volutpat eleifend
04/03/22 08:39,risus dapibus augue vel accumsan tellus nisi eu orci mauris lacinia sapien quis libero,Jerald Pancost,http://virginia.edu/eros/elementum/pellentesque/quisque.png,http://dummyimage.com/112x100.png/5fa2dd/ffffff,odio donec vitae nisi nam ultrices libero non mattis pulvinar nulla pede ullamcorper
04/07/22 11:10,ut blandit non interdum in ante vestibulum ante ipsum primis in faucibus orci luctus et ultrices posuere,Mamie Vlasenko,https://networkadvertising.org/nulla/suspendisse/potenti/cras/in/purus/eu.jpg,http://dummyimage.com/122x100.png/cc0000/ffffff,vestibulum proin eu mi nulla ac enim in tempor turpis nec euismod scelerisque quam turpis adipiscing lorem vitae mattis
04/07/22 15:24,nisl aenean lectus pellentesque eget nunc donec quis orci eget orci vehicula condimentum curabitur in libero ut massa volutpat,Viviyan McClenan,http://ft.com/fusce.js,http://dummyimage.com/183x100.png/cc0000/ffffff,vestibulum velit id pretium iaculis diam erat fermentum justo nec condimentum neque sapien placerat ante
04/05/22 14:29,magna ac consequat metus sapien ut nunc vestibulum ante ipsum primis in faucibus orci luctus et ultrices posuere cubilia curae,Orv Sandell,https://google.de/bibendum/imperdiet.xml,http://dummyimage.com/184x100.png/ff4444/ffffff,sagittis dui vel nisl duis ac nibh fusce lacus purus aliquet at feugiat non
04/07/22 06:57,cum sociis natoque penatibus et magnis dis parturient montes nascetur ridiculus,Rorie Brugger,https://ning.com/id/justo/sit.xml,http://dummyimage.com/195x100.png/dddddd/000000,a libero nam dui proin leo odio porttitor id consequat in consequat ut nulla sed accumsan
04/06/22 20:58,vestibulum ac est lacinia nisi venenatis tristique fusce congue diam,Thia Mollnar,http://gnu.org/eu/nibh.js,http://dummyimage.com/218x100.png/ff4444/ffffff,eget tincidunt eget tempus vel pede morbi porttitor lorem id ligula suspendisse
